<?xml version="1.0" encoding="UTF-8"?>
<beans:beans xmlns="http://www.springframework.org/schema/mvc"
	xmlns:xsi="http://www.w3.org/2001/XMLSchema-instance"
	xmlns:beans="http://www.springframework.org/schema/beans"
	xmlns:context="http://www.springframework.org/schema/context"
	xsi:schemaLocation="http://www.springframework.org/schema/mvc http://www.springframework.org/schema/mvc/spring-mvc.xsd
		http://www.springframework.org/schema/beans http://www.springframework.org/schema/beans/spring-beans.xsd
		http://www.springframework.org/schema/context http://www.springframework.org/schema/context/spring-context.xsd">

	<!-- DispatcherServlet Context: defines this servlet's request-processing infrastructure -->
	<!-- 어노테이션 사용 -->
	<annotation-driven />
	<!-- Handles HTTP GET requests for /resources/** by efficiently serving up static resources in the ${webappRoot}/resources directory -->
	<!-- js, css, img 등 파일을 넣고 필요할 때 꺼내 쓸수 있게 매핑 해둔다. 안하면 DispatcherServlet이 걸림돌이 된다. -->
	<resources mapping="/resources/**" location="/resources/" />
	
	<!-- location="리소스의 실제 경로" mapping="리소스의 가상 url" 가상 url로 매핑 -->	
	<resources location="/WEB-INF/views/include/" mapping="/include/**" />
	<!-- Resolves views selected for rendering by @Controllers to .jsp resources in the /WEB-INF/views directory -->
	<!-- 뷰 리졸버 : 뷰(jsp 페이지)의 접두어, 접미어 설정 -->
	<beans:bean class="org.springframework.web.servlet.view.InternalResourceViewResolver">
		<beans:property name="prefix" value="/WEB-INF/views/" />
		<beans:property name="suffix" value=".jsp" />
	</beans:bean>
	<!-- 스프링에서 관리하는 bean의 기본 디렉토리 -->
	<!-- 컴포넌트 스캔 : 해당 패키지 아래에 있는 컴포넌트들을 검색해 빈 객체로 등록 해준다 -->
	<context:component-scan base-package="com.board.example" />
</beans:beans>