<?xml version="1.0" encoding="UTF-8"?>
<beans xmlns="http://www.springframework.org/schema/beans"
	xmlns:xsi="http://www.w3.org/2001/XMLSchema-instance"
	xsi:schemaLocation="http://www.springframework.org/schema/beans http://www.springframework.org/schema/beans/spring-beans.xsd">
	
	<!-- Root Context: defines shared resources visible to all other web components -->
	<bean id="dataSource"
		class="org.springframework.jdbc.datasource.DriverManagerDataSource">
		<!-- 드라이버 클래스 이름이 변경됨 -->
		<property name="driverClassName" value="net.sf.log4jdbc.sql.jdbcapi.DriverSpy"></property>
		<!-- 연결문자열에 log4jdbc가 추가됨 -->
		<property name="url" value="jdbc:log4jdbc:oracle:thin:@localhost:1521:xe" />
		<property name="username" value="system" />
		<property name="password" value="1234" />
	</bean>
	
    <!-- MySQL 연동 
    <bean id="dataSource" class="org.springframework.jdbc.datasource.DriverManagerDataSource">
        <property name="driverClassName" value="com.mysql.cj.jdbc.Driver"></property>
        <property name="url"
            value="jdbc:mysql://127.0.0.1:3306/스키마이름?useSSL=false&amp;serverTimezone=UTC">
        </property>
        <property name="username" value="MySQL 계정"></property>
        <property name="password" value="비밀번호"></property>
    </bean>  -->
    
	<!-- Maria 연동   	
	<bean id="dataSource" class="org.springframework.jdbc.datasource.SimpleDriverDataSource">
	    <property name="driverClass" value="org.mariadb.jdbc.Driver"></property>
	    <property name="url" value="jdbc:mariadb://localhost:3306/데이터베이스명"></property>
	    <property name="username" value="아이디"></property>
	    <property name="password" value="비밀번호"></property>
	</bean>
	 -->
	 
	<!-- 아파치 DBCP 설정 -->
	<!-- <bean id="dataSource" class="org.apache.commons.dbcp.BasicDataSource" 
		destroy-method="close"> <property name="driverClassName" value="oracle.jdbc.driver.OracleDriver" 
		/> <property name="url" value="jdbc:oracle:thin:@localhost:1521:XE" /> 
		<property name="username" value="java" /> <property name="password" value="java1234" 
		/> </bean> -->
		
	<!-- SqlSessionFactory 객체 주입 -->
	<bean id="sqlSessionFactory" class="org.mybatis.spring.SqlSessionFactoryBean">
		<property name="dataSource" ref="dataSource" />
		<!-- mybatis 설정파일의 경로 -->
		<property name="configLocation" value="classpath:/mybatis-config.xml"></property>
			<!-- mybatis mapper 파일의 경로 -->
		<property name="mapperLocations" value="classpath:mappers/**/*Mapper.xml"></property>
	</bean>
	
	<!-- SqlSession 객체 주입 -->
	<bean id="sqlSession" class="org.mybatis.spring.SqlSessionTemplate" destroy-method="clearCache">
		<constructor-arg name="sqlSessionFactory" ref="sqlSessionFactory"></constructor-arg>
	</bean>

</beans>
